id,label
serveTflat1392.jpg,serve
serveTflat1699.jpg,serve
serveTflat1982.jpg,serve
serveTflat2131.jpg,serve
serveTflat2268.jpg,serve
serveTflat2401.jpg,serve
serveTflat2667.jpg,serve
serveTflat2690.jpg,serve
serveTflat2772.jpg,serve
serveTflat3350.jpg,serve
serveTflat3358.jpg,serve
serveTflat3364.jpg,serve
serveTflat340.jpg,serve
serveTflat3618.jpg,serve
serveTflat363.jpg,serve
serveTflat3702.jpg,serve
serveTflat3750.jpg,serve
serveTflat3894.jpg,serve
serveTflat4200.jpg,serve
serveTflat4291.jpg,serve
serveTflat4294.jpg,serve
serveTflat4459.jpg,serve
serveTflat465.jpg,serve
serveTflat4695.jpg,serve
serveTflat4886.jpg,serve
serveTflat5043.jpg,serve
serveTflat5644.jpg,serve
serveTflat6003.jpg,serve
serveTflat6060.jpg,serve
serveTflat626.jpg,serve
serveTflat6634.jpg,serve
serveTflat6833.jpg,serve
serveTflat6868.jpg,serve
serveTflat688.jpg,serve
serveTflat7040.jpg,serve
serveTflat7313.jpg,serve
serveTflat7400.jpg,serve
serveTflat7510.jpg,serve
serveTflat7554.jpg,serve
serveTflat7793.jpg,serve
serveTflat7971.jpg,serve
serveTflat8200.jpg,serve
serveTflat84.jpg,serve
serveTflat8733.jpg,serve
serveTflat8873.jpg,serve
serveTflat9.jpg,serve
serveTflat9525.jpg,serve
serveTflat976.jpg,serve
serveTflat9936.jpg,serve
serveTflat9948.jpg,serve
servewideslice1114.jpg,serve
servewideslice1889.jpg,serve
servewideslice2180.jpg,serve
servewideslice2790.jpg,serve
servewideslice3061.jpg,serve
servewideslice3219.jpg,serve
servewideslice3617.jpg,serve
servewideslice3966.jpg,serve
servewideslice4244.jpg,serve
servewideslice4458.jpg,serve
servewideslice4760.jpg,serve
servewideslice5470.jpg,serve
servewideslice5596.jpg,serve
servewideslice5624.jpg,serve
servewideslice576.jpg,serve
servewideslice5875.jpg,serve
servewideslice604.jpg,serve
servewideslice6398.jpg,serve
servewideslice6518.jpg,serve
servewideslice6876.jpg,serve
servewideslice70.jpg,serve
servewideslice7016.jpg,serve
servewideslice7073.jpg,serve
servewideslice7241.jpg,serve
servewideslice745.jpg,serve
servewideslice8008.jpg,serve
servewideslice8554.jpg,serve
servewideslice8794.jpg,serve
servewideslice8819.jpg,serve
servewideslice9906.jpg,serve
forehandbodytopspin1455.jpg,forehand
forehandbodytopspin1585.jpg,forehand
forehandbodytopspin1756.jpg,forehand
forehandbodytopspin1892.jpg,forehand
forehandbodytopspin2.jpg,forehand
forehandbodytopspin2020.jpg,forehand
forehandbodytopspin2407.jpg,forehand
forehandbodytopspin2722.jpg,forehand
forehandbodytopspin2807.jpg,forehand
forehandbodytopspin2808.jpg,forehand
forehandbodytopspin2896.jpg,forehand
forehandbodytopspin2907.jpg,forehand
forehandbodytopspin2968.jpg,forehand
forehandbodytopspin3042.jpg,forehand
forehandbodytopspin3177.jpg,forehand
forehandbodytopspin3244.jpg,forehand
forehandbodytopspin3375.jpg,forehand
forehandbodytopspin3507.jpg,forehand
forehandbodytopspin3551.jpg,forehand
forehandbodytopspin3667.jpg,forehand
forehandbodytopspin3715.jpg,forehand
forehandbodytopspin3730.jpg,forehand
forehandbodytopspin3834.jpg,forehand
forehandbodytopspin3919.jpg,forehand
forehandbodytopspin4125.jpg,forehand
forehandbodytopspin413.jpg,forehand
forehandbodytopspin4374.jpg,forehand
forehandbodytopspin5089.jpg,forehand
forehandbodytopspin5285.jpg,forehand
forehandbodytopspin5677.jpg,forehand
forehandbodytopspin5756.jpg,forehand
forehandbodytopspin5927.jpg,forehand
forehandbodytopspin64.jpg,forehand
forehandbodytopspin6431.jpg,forehand
forehandbodytopspin6532.jpg,forehand
forehandbodytopspin6865.jpg,forehand
forehandbodytopspin6953.jpg,forehand
forehandbodytopspin7131.jpg,forehand
forehandbodytopspin7584.jpg,forehand
forehandbodytopspin7699.jpg,forehand
forehandbodytopspin8125.jpg,forehand
forehandbodytopspin813.jpg,forehand
forehandbodytopspin8489.jpg,forehand
forehandbodytopspin8581.jpg,forehand
forehandbodytopspin8713.jpg,forehand
forehandbodytopspin8733.jpg,forehand
forehandbodytopspin8754.jpg,forehand
forehandbodytopspin90.jpg,forehand
forehandbodytopspin9097.jpg,forehand
forehandbodytopspin9188.jpg,forehand
forehandbodytopspin928.jpg,forehand
forehandbodytopspin9341.jpg,forehand
forehandbodytopspin9415.jpg,forehand
forehandbodytopspin947.jpg,forehand
forehandbodytopspin966.jpg,forehand
forehandbodytopspin9760.jpg,forehand
forehandbodytopspin9794.jpg,forehand
forehandbodytopspin9801.jpg,forehand
forehandbodytopspin993.jpg,forehand
forehandbodytopspin9959.jpg,forehand
forehandcrosscourttopspin2370.jpg,forehand
forehandcrosscourttopspin4845.jpg,forehand
forehandcrosscourttopspin5148.jpg,forehand
forehandcrosscourttopspin5615.jpg,forehand
forehandcrosscourttopspin6552.jpg,forehand
forehandcrosscourttopspin7029.jpg,forehand
forehandcrosscourttopspin7377.jpg,forehand
forehandcrosscourttopspin7392.jpg,forehand
forehandcrosscourttopspin9219.jpg,forehand
forehandcrosscourttopspin9552.jpg,forehand
forehandlinetopspin4478.jpg,forehand
forehandlinetopspin5523.jpg,forehand
forehandlinetopspin6367.jpg,forehand
forehandlinetopspin6504.jpg,forehand
forehandlinetopspin7544.jpg,forehand
forehandlinetopspin7767.jpg,forehand
forehandlinetopspin8032.jpg,forehand
forehandlinetopspin9277.jpg,forehand
forehandlinetopspin9896.jpg,forehand
forehandlinetopspin9928.jpg,forehand
backhandcrosscourtflat1178.jpg,backhand
backhandcrosscourtflat1235.jpg,backhand
backhandcrosscourtflat1243.jpg,backhand
backhandcrosscourtflat1488.jpg,backhand
backhandcrosscourtflat1742.jpg,backhand
backhandcrosscourtflat1751.jpg,backhand
backhandcrosscourtflat1896.jpg,backhand
backhandcrosscourtflat1908.jpg,backhand
backhandcrosscourtflat2478.jpg,backhand
backhandcrosscourtflat2617.jpg,backhand
backhandcrosscourtflat2732.jpg,backhand
backhandcrosscourtflat2872.jpg,backhand
backhandcrosscourtflat3208.jpg,backhand
backhandcrosscourtflat3316.jpg,backhand
backhandcrosscourtflat3402.jpg,backhand
backhandcrosscourtflat342.jpg,backhand
backhandcrosscourtflat3801.jpg,backhand
backhandcrosscourtflat3994.jpg,backhand
backhandcrosscourtflat4410.jpg,backhand
backhandcrosscourtflat4679.jpg,backhand
backhandcrosscourtflat5080.jpg,backhand
backhandcrosscourtflat5086.jpg,backhand
backhandcrosscourtflat5146.jpg,backhand
backhandcrosscourtflat5181.jpg,backhand
backhandcrosscourtflat5267.jpg,backhand
backhandcrosscourtflat546.jpg,backhand
backhandcrosscourtflat5609.jpg,backhand
backhandcrosscourtflat5886.jpg,backhand
backhandcrosscourtflat5898.jpg,backhand
backhandcrosscourtflat6329.jpg,backhand
backhandcrosscourtflat6426.jpg,backhand
backhandcrosscourtflat6462.jpg,backhand
backhandcrosscourtflat6628.jpg,backhand
backhandcrosscourtflat6678.jpg,backhand
backhandcrosscourtflat6819.jpg,backhand
backhandcrosscourtflat6848.jpg,backhand
backhandcrosscourtflat6914.jpg,backhand
backhandcrosscourtflat696.jpg,backhand
backhandcrosscourtflat7062.jpg,backhand
backhandcrosscourtflat708.jpg,backhand
backhandcrosscourtflat7202.jpg,backhand
backhandcrosscourtflat7215.jpg,backhand
backhandcrosscourtflat7566.jpg,backhand
backhandcrosscourtflat7851.jpg,backhand
backhandcrosscourtflat8067.jpg,backhand
backhandcrosscourtflat8241.jpg,backhand
backhandcrosscourtflat8541.jpg,backhand
backhandcrosscourtflat9302.jpg,backhand
backhandcrosscourtflat9912.jpg,backhand
backhandcrosscourttopspin1067.jpg,backhand
backhandcrosscourttopspin1155.jpg,backhand
backhandcrosscourttopspin1302.jpg,backhand
backhandcrosscourttopspin1397.jpg,backhand
backhandcrosscourttopspin1652.jpg,backhand
backhandcrosscourttopspin1833.jpg,backhand
backhandcrosscourttopspin2004.jpg,backhand
backhandcrosscourttopspin2082.jpg,backhand
backhandcrosscourttopspin2375.jpg,backhand
backhandcrosscourttopspin2493.jpg,backhand
backhandcrosscourttopspin2783.jpg,backhand
backhandcrosscourttopspin2795.jpg,backhand
backhandcrosscourttopspin2956.jpg,backhand
backhandcrosscourttopspin3621.jpg,backhand
backhandcrosscourttopspin4002.jpg,backhand
backhandcrosscourttopspin4333.jpg,backhand
backhandcrosscourttopspin4512.jpg,backhand
backhandcrosscourttopspin4579.jpg,backhand
backhandcrosscourttopspin6182.jpg,backhand
backhandcrosscourttopspin6276.jpg,backhand
backhandcrosscourttopspin6371.jpg,backhand
backhandcrosscourttopspin678.jpg,backhand
backhandcrosscourttopspin72.jpg,backhand
backhandcrosscourttopspin7657.jpg,backhand
backhandcrosscourttopspin8020.jpg,backhand
backhandcrosscourttopspin8117.jpg,backhand
backhandcrosscourttopspin9048.jpg,backhand
backhandcrosscourttopspin9109.jpg,backhand
backhandcrosscourttopspin9159.jpg,backhand
backhandcrosscourttopspin9416.jpg,backhand
